Destination,Port,State
192.168.40.2,897,Closed
192.168.40.2,792,Closed
192.168.40.2,829,Closed
192.168.40.2,594,Closed
192.168.40.2,218,Closed
192.168.40.2,879,Closed
192.168.40.2,381,Closed
192.168.40.2,288,Closed
192.168.40.2,758,Closed
192.168.40.2,633,Closed
192.168.40.2,955,Closed
192.168.40.2,986,Closed
192.168.40.2,1019,Closed
192.168.40.2,136,Closed
192.168.40.2,68,Closed
192.168.40.2,556,Closed
192.168.40.2,511,Closed
192.168.40.2,164,Closed
192.168.40.2,421,Closed
192.168.40.2,307,Closed
192.168.40.2,379,Closed
192.168.40.2,130,Closed
192.168.40.2,836,Closed
192.168.40.2,779,Closed
192.168.40.2,976,Closed
192.168.40.2,292,Closed
192.168.40.2,72,Closed
192.168.40.2,761,Closed
192.168.40.2,126,Closed
192.168.40.2,361,Closed
192.168.40.2,325,Closed
192.168.40.2,797,Closed
192.168.40.2,120,Closed
192.168.40.2,21,Closed
192.168.40.2,27,Closed
192.168.40.2,301,Closed
192.168.40.2,547,Closed
192.168.40.2,149,Closed
192.168.40.2,938,Closed
192.168.40.2,692,Closed
192.168.40.2,578,Closed
192.168.40.2,388,Closed
192.168.40.2,572,Closed
192.168.40.2,873,Closed
192.168.40.2,445,Closed
192.168.40.2,99,Closed
192.168.40.2,449,Closed
192.168.40.2,598,Closed
192.168.40.2,723,Closed
192.168.40.2,448,Closed
192.168.40.2,687,Closed
192.168.40.2,412,Closed
192.168.40.2,848,Closed
192.168.40.2,417,Closed
192.168.40.2,816,Closed
192.168.40.2,767,Closed
192.168.40.2,825,Closed
192.168.40.2,1002,Closed
192.168.40.2,649,Closed
192.168.40.2,106,Closed
192.168.40.2,954,Closed
192.168.40.2,212,Closed
192.168.40.2,315,Closed
192.168.40.2,319,Closed
192.168.40.2,474,Closed
192.168.40.2,887,Closed
192.168.40.2,62,Closed
192.168.40.2,18,Closed
192.168.40.2,585,Closed
192.168.40.2,943,Closed
192.168.40.2,294,Closed
192.168.40.2,946,Closed
192.168.40.2,316,Closed
192.168.40.2,463,Closed
192.168.40.2,695,Closed
192.168.40.2,832,Closed
192.168.40.2,321,Closed
192.168.40.2,478,Closed
192.168.40.2,770,Closed
192.168.40.2,371,Closed
192.168.40.2,8,Closed
192.168.40.2,349,Closed
192.168.40.2,393,Closed
192.168.40.2,942,Closed
192.168.40.2,282,Closed
192.168.40.2,605,Closed
192.168.40.2,92,Closed
192.168.40.2,311,Closed
192.168.40.2,643,Closed
192.168.40.2,737,Closed
192.168.40.2,190,Closed
192.168.40.2,153,Closed
192.168.40.2,250,Closed
192.168.40.2,100,Closed
192.168.40.2,103,Closed
192.168.40.2,494,Closed
192.168.40.2,518,Closed
192.168.40.2,76,Closed
192.168.40.2,991,Closed
192.168.40.2,1020,Closed
192.168.40.2,436,Closed
192.168.40.2,701,Closed
192.168.40.2,988,Closed
192.168.40.2,404,Closed
192.168.40.2,41,Closed
192.168.40.2,625,Closed
192.168.40.2,96,Closed
192.168.40.2,803,Closed
192.168.40.2,248,Closed
192.168.40.2,143,Closed
192.168.40.2,273,Closed
192.168.40.2,255,Closed
192.168.40.2,587,Closed
192.168.40.2,668,Closed
192.168.40.2,814,Closed
192.168.40.2,179,Closed
192.168.40.2,235,Closed
192.168.40.2,969,Closed
192.168.40.2,191,Closed
192.168.40.2,355,Closed
192.168.40.2,194,Closed
192.168.40.2,507,Closed
192.168.40.2,520,Closed
192.168.40.2,552,Closed
192.168.40.2,728,Closed
192.168.40.2,987,Closed
192.168.40.2,98,Closed
192.168.40.2,360,Closed
192.168.40.2,353,Closed
192.168.40.2,778,Closed
192.168.40.2,596,Closed
192.168.40.2,810,Closed
192.168.40.2,835,Closed
192.168.40.2,979,Closed
192.168.40.2,506,Closed
192.168.40.2,980,Closed
192.168.40.2,131,Closed
192.168.40.2,167,Closed
192.168.40.2,840,Closed
192.168.40.2,214,Closed
192.168.40.2,664,Closed
192.168.40.2,341,Closed
192.168.40.2,192,Closed
192.168.40.2,1011,Closed
192.168.40.2,377,Closed
192.168.40.2,161,Closed
192.168.40.2,945,Closed
192.168.40.2,486,Closed
192.168.40.2,680,Closed
192.168.40.2,129,Closed
192.168.40.2,818,Closed
192.168.40.2,522,Closed
192.168.40.2,1021,Closed
192.168.40.2,467,Closed
192.168.40.2,170,Closed
192.168.40.2,278,Closed
192.168.40.2,88,Closed
192.168.40.2,163,Closed
192.168.40.2,569,Closed
192.168.40.2,891,Closed
192.168.40.2,912,Closed
192.168.40.2,878,Closed
192.168.40.2,874,Closed
192.168.40.2,151,Closed
192.168.40.2,81,Closed
192.168.40.2,637,Closed
192.168.40.2,1010,Closed
192.168.40.2,104,Closed
192.168.40.2,122,Closed
192.168.40.2,546,Closed
192.168.40.2,142,Closed
192.168.40.2,398,Closed
192.168.40.2,719,Closed
192.168.40.2,219,Closed
192.168.40.2,238,Closed
192.168.40.2,787,Closed
192.168.40.2,716,Closed
192.168.40.2,966,Closed
192.168.40.2,630,Closed
192.168.40.2,224,Closed
192.168.40.2,286,Closed
192.168.40.2,739,Closed
192.168.40.2,965,Closed
192.168.40.2,530,Closed
192.168.40.2,570,Closed
192.168.40.2,411,Closed
192.168.40.2,654,Closed
192.168.40.2,670,Closed
192.168.40.2,57,Closed
192.168.40.2,401,Closed
192.168.40.2,439,Closed
192.168.40.2,532,Closed
192.168.40.2,667,Closed
192.168.40.2,777,Closed
192.168.40.2,384,Closed
192.168.40.2,320,Closed
192.168.40.2,175,Closed
192.168.40.2,724,Closed
192.168.40.2,206,Closed
192.168.40.2,952,Closed
192.168.40.2,998,Closed
192.168.40.2,851,Closed
192.168.40.2,207,Closed
192.168.40.2,923,Closed
192.168.40.2,133,Closed
192.168.40.2,931,Closed
192.168.40.2,663,Closed
192.168.40.2,247,Closed
192.168.40.2,416,Closed
192.168.40.2,362,Closed
192.168.40.2,638,Closed
192.168.40.2,262,Closed
192.168.40.2,538,Closed
192.168.40.2,108,Closed
192.168.40.2,715,Closed
192.168.40.2,276,Closed
192.168.40.2,907,Closed
192.168.40.2,821,Closed
192.168.40.2,704,Closed
192.168.40.2,95,Closed
192.168.40.2,451,Closed
192.168.40.2,45,Closed
192.168.40.2,647,Closed
192.168.40.2,368,Closed
192.168.40.2,193,Closed
192.168.40.2,718,Closed
192.168.40.2,613,Closed
192.168.40.2,698,Closed
192.168.40.2,91,Closed
192.168.40.2,263,Closed
192.168.40.2,186,Closed
192.168.40.2,46,Closed
192.168.40.2,1012,Closed
192.168.40.2,13,Closed
192.168.40.2,155,Closed
192.168.40.2,245,Closed
192.168.40.2,794,Closed
192.168.40.2,881,Closed
192.168.40.2,992,Closed
192.168.40.2,720,Closed
192.168.40.2,614,Closed
192.168.40.2,729,Closed
192.168.40.2,702,Closed
192.168.40.2,1014,Closed
192.168.40.2,722,Closed
192.168.40.2,514,Closed
192.168.40.2,22,Open
192.168.40.2,595,Closed
192.168.40.2,524,Closed
192.168.40.2,537,Closed
192.168.40.2,289,Closed
192.168.40.2,604,Closed
192.168.40.2,589,Closed
192.168.40.2,828,Closed
192.168.40.2,261,Closed
192.168.40.2,426,Closed
192.168.40.2,339,Closed
192.168.40.2,725,Closed
192.168.40.2,707,Closed
192.168.40.2,459,Closed
192.168.40.2,679,Closed
192.168.40.2,913,Closed
192.168.40.2,183,Closed
192.168.40.2,502,Closed
192.168.40.2,559,Closed
192.168.40.2,303,Closed
192.168.40.2,454,Closed
192.168.40.2,657,Closed
192.168.40.2,166,Closed
192.168.40.2,539,Closed
192.168.40.2,903,Closed
192.168.40.2,56,Closed
192.168.40.2,491,Closed
192.168.40.2,40,Closed
192.168.40.2,87,Closed
192.168.40.2,145,Closed
192.168.40.2,364,Closed
192.168.40.2,827,Closed
192.168.40.2,573,Closed
192.168.40.2,36,Closed
192.168.40.2,480,Closed
192.168.40.2,456,Closed
192.168.40.2,618,Closed
192.168.40.2,673,Closed
192.168.40.2,744,Closed
192.168.40.2,820,Closed
192.168.40.2,66,Closed
192.168.40.2,240,Closed
192.168.40.2,125,Closed
192.168.40.2,844,Closed
192.168.40.2,283,Closed
192.168.40.2,327,Closed
192.168.40.2,499,Closed
192.168.40.2,911,Closed
192.168.40.2,608,Closed
192.168.40.2,23,Closed
192.168.40.2,477,Closed
192.168.40.2,807,Closed
192.168.40.2,921,Closed
192.168.40.2,652,Closed
192.168.40.2,582,Closed
192.168.40.2,985,Closed
192.168.40.2,331,Closed
192.168.40.2,306,Closed
192.168.40.2,259,Closed
192.168.40.2,468,Closed
192.168.40.2,430,Closed
192.168.40.2,693,Closed
192.168.40.2,623,Closed
192.168.40.2,714,Closed
192.168.40.2,47,Closed
192.168.40.2,982,Closed
192.168.40.2,611,Closed
192.168.40.2,198,Closed
192.168.40.2,691,Closed
192.168.40.2,967,Closed
192.168.40.2,769,Closed
192.168.40.2,352,Closed
192.168.40.2,795,Closed
192.168.40.2,61,Closed
192.168.40.2,838,Closed
192.168.40.2,336,Closed
192.168.40.2,759,Closed
192.168.40.2,548,Closed
192.168.40.2,683,Closed
192.168.40.2,419,Closed
192.168.40.2,561,Closed
192.168.40.2,893,Closed
192.168.40.2,933,Closed
192.168.40.2,287,Closed
192.168.40.2,672,Closed
192.168.40.2,290,Closed
192.168.40.2,420,Closed
192.168.40.2,82,Closed
192.168.40.2,753,Closed
192.168.40.2,772,Closed
192.168.40.2,861,Closed
192.168.40.2,274,Closed
192.168.40.2,962,Closed
192.168.40.2,128,Closed
192.168.40.2,181,Closed
192.168.40.2,501,Closed
192.168.40.2,951,Closed
192.168.40.2,60,Closed
192.168.40.2,823,Closed
192.168.40.2,782,Closed
192.168.40.2,516,Closed
192.168.40.2,915,Closed
192.168.40.2,490,Closed
192.168.40.2,817,Closed
192.168.40.2,495,Closed
192.168.40.2,481,Closed
192.168.40.2,773,Closed
192.168.40.2,653,Closed
192.168.40.2,940,Closed
192.168.40.2,896,Closed
192.168.40.2,75,Closed
192.168.40.2,280,Closed
192.168.40.2,740,Closed
192.168.40.2,755,Closed
192.168.40.2,843,Closed
192.168.40.2,363,Closed
192.168.40.2,960,Closed
192.168.40.2,757,Closed
192.168.40.2,38,Closed
192.168.40.2,916,Closed
192.168.40.2,512,Closed
192.168.40.2,438,Closed
192.168.40.2,119,Closed
192.168.40.2,242,Closed
192.168.40.2,446,Closed
192.168.40.2,859,Closed
192.168.40.2,223,Closed
192.168.40.2,781,Closed
192.168.40.2,389,Closed
192.168.40.2,195,Closed
192.168.40.2,231,Closed
192.168.40.2,71,Closed
192.168.40.2,165,Closed
192.168.40.2,97,Closed
192.168.40.2,111,Closed
192.168.40.2,545,Closed
192.168.40.2,914,Closed
192.168.40.2,466,Closed
192.168.40.2,270,Closed
192.168.40.2,1009,Closed
192.168.40.2,50,Closed
192.168.40.2,33,Closed
192.168.40.2,226,Closed
192.168.40.2,272,Closed
192.168.40.2,350,Closed
192.168.40.2,696,Closed
192.168.40.2,564,Closed
192.168.40.2,399,Closed
192.168.40.2,171,Closed
192.168.40.2,642,Closed
192.168.40.2,930,Open
192.168.40.2,950,Closed
192.168.40.2,890,Closed
192.168.40.2,771,Closed
192.168.40.2,203,Closed
192.168.40.2,808,Closed
192.168.40.2,870,Closed
192.168.40.2,553,Closed
192.168.40.2,811,Closed
192.168.40.2,59,Closed
192.168.40.2,260,Closed
192.168.40.2,644,Closed
192.168.40.2,894,Closed
192.168.40.2,407,Closed
192.168.40.2,70,Closed
192.168.40.2,784,Closed
192.168.40.2,378,Closed
192.168.40.2,1003,Closed
192.168.40.2,176,Closed
192.168.40.2,305,Closed
192.168.40.2,452,Closed
192.168.40.2,3,Closed
192.168.40.2,43,Closed
192.168.40.2,1017,Closed
192.168.40.2,635,Closed
192.168.40.2,631,Closed
192.168.40.2,590,Closed
192.168.40.2,267,Closed
192.168.40.2,239,Closed
192.168.40.2,25,Closed
192.168.40.2,510,Closed
192.168.40.2,479,Closed
192.168.40.2,243,Closed
192.168.40.2,304,Closed
192.168.40.2,733,Closed
192.168.40.2,738,Closed
192.168.40.2,621,Closed
192.168.40.2,342,Closed
192.168.40.2,37,Closed
192.168.40.2,188,Closed
192.168.40.2,470,Closed
192.168.40.2,617,Closed
192.168.40.2,271,Closed
192.168.40.2,408,Closed
192.168.40.2,650,Closed
192.168.40.2,674,Closed
192.168.40.2,745,Closed
192.168.40.2,796,Closed
192.168.40.2,334,Closed
192.168.40.2,999,Closed
192.168.40.2,418,Closed
192.168.40.2,588,Closed
192.168.40.2,712,Closed
192.168.40.2,475,Closed
192.168.40.2,488,Closed
192.168.40.2,173,Closed
192.168.40.2,599,Closed
192.168.40.2,609,Closed
192.168.40.2,503,Closed
192.168.40.2,351,Closed
192.168.40.2,567,Closed
192.168.40.2,909,Closed
192.168.40.2,39,Closed
192.168.40.2,917,Closed
192.168.40.2,385,Closed
192.168.40.2,48,Closed
192.168.40.2,156,Closed
192.168.40.2,563,Closed
192.168.40.2,775,Closed
192.168.40.2,612,Closed
192.168.40.2,607,Closed
192.168.40.2,232,Closed
192.168.40.2,583,Closed
192.168.40.2,849,Closed
192.168.40.2,152,Closed
192.168.40.2,134,Closed
192.168.40.2,34,Closed
192.168.40.2,666,Closed
192.168.40.2,892,Closed
192.168.40.2,542,Closed
192.168.40.2,869,Closed
192.168.40.2,963,Closed
192.168.40.2,204,Closed
192.168.40.2,1023,Closed
192.168.40.2,374,Closed
192.168.40.2,400,Closed
192.168.40.2,845,Closed
192.168.40.2,815,Closed
192.168.40.2,865,Closed
192.168.40.2,750,Closed
192.168.40.2,14,Closed
192.168.40.2,101,Closed
192.168.40.2,200,Closed
192.168.40.2,442,Closed
192.168.40.2,918,Closed
192.168.40.2,138,Closed
192.168.40.2,665,Closed
192.168.40.2,629,Closed
192.168.40.2,626,Closed
192.168.40.2,749,Closed
192.168.40.2,932,Closed
192.168.40.2,888,Closed
192.168.40.2,391,Closed
192.168.40.2,29,Closed
192.168.40.2,544,Closed
192.168.40.2,620,Closed
192.168.40.2,1007,Closed
192.168.40.2,866,Closed
192.168.40.2,492,Closed
192.168.40.2,93,Closed
192.168.40.2,855,Closed
192.168.40.2,619,Closed
192.168.40.2,936,Closed
192.168.40.2,162,Closed
192.168.40.2,774,Closed
192.168.40.2,310,Closed
192.168.40.2,228,Closed
192.168.40.2,266,Closed
192.168.40.2,78,Closed
192.168.40.2,330,Closed
192.168.40.2,139,Closed
192.168.40.2,550,Closed
192.168.40.2,974,Closed
192.168.40.2,83,Closed
192.168.40.2,981,Closed
192.168.40.2,51,Closed
192.168.40.2,144,Closed
192.168.40.2,369,Closed
192.168.40.2,172,Closed
192.168.40.2,429,Closed
192.168.40.2,79,Closed
192.168.40.2,295,Closed
192.168.40.2,534,Closed
192.168.40.2,94,Closed
192.168.40.2,44,Closed
192.168.40.2,535,Closed
192.168.40.2,372,Closed
192.168.40.2,536,Closed
192.168.40.2,541,Closed
192.168.40.2,671,Closed
192.168.40.2,742,Closed
192.168.40.2,925,Closed
192.168.40.2,1022,Closed
192.168.40.2,889,Closed
192.168.40.2,531,Closed
192.168.40.2,748,Closed
192.168.40.2,291,Closed
192.168.40.2,645,Closed
192.168.40.2,405,Closed
192.168.40.2,269,Closed
192.168.40.2,298,Closed
192.168.40.2,318,Closed
192.168.40.2,852,Closed
192.168.40.2,768,Closed
192.168.40.2,540,Closed
192.168.40.2,883,Closed
192.168.40.2,830,Closed
192.168.40.2,324,Closed
192.168.40.2,956,Closed
192.168.40.2,565,Closed
192.168.40.2,584,Closed
192.168.40.2,10,Closed
192.168.40.2,11,Closed
192.168.40.2,549,Closed
192.168.40.2,215,Closed
192.168.40.2,199,Closed
192.168.40.2,555,Closed
192.168.40.2,1015,Closed
192.168.40.2,105,Closed
192.168.40.2,254,Closed
192.168.40.2,580,Closed
192.168.40.2,434,Closed
192.168.40.2,961,Closed
192.168.40.2,856,Closed
192.168.40.2,107,Closed
192.168.40.2,526,Closed
192.168.40.2,160,Closed
192.168.40.2,32,Closed
192.168.40.2,333,Closed
192.168.40.2,513,Closed
192.168.40.2,581,Closed
192.168.40.2,168,Closed
192.168.40.2,343,Closed
192.168.40.2,899,Closed
192.168.40.2,296,Closed
192.168.40.2,375,Closed
192.168.40.2,2,Closed
192.168.40.2,462,Closed
192.168.40.2,202,Closed
192.168.40.2,554,Closed
192.168.40.2,791,Closed
192.168.40.2,800,Closed
192.168.40.2,182,Closed
192.168.40.2,804,Closed
192.168.40.2,1006,Closed
192.168.40.2,1005,Closed
192.168.40.2,627,Closed
192.168.40.2,661,Closed
192.168.40.2,978,Closed
192.168.40.2,237,Closed
192.168.40.2,660,Closed
192.168.40.2,284,Closed
192.168.40.2,257,Closed
192.168.40.2,533,Closed
192.168.40.2,450,Closed
192.168.40.2,785,Closed
192.168.40.2,383,Closed
192.168.40.2,886,Closed
192.168.40.2,114,Closed
192.168.40.2,689,Closed
192.168.40.2,812,Closed
192.168.40.2,297,Closed
192.168.40.2,345,Closed
192.168.40.2,593,Closed
192.168.40.2,1024,Closed
192.168.40.2,428,Closed
192.168.40.2,265,Closed
192.168.40.2,55,Closed
192.168.40.2,140,Closed
192.168.40.2,476,Closed
192.168.40.2,472,Closed
192.168.40.2,357,Closed
192.168.40.2,236,Closed
192.168.40.2,529,Closed
192.168.40.2,717,Closed
192.168.40.2,113,Closed
192.168.40.2,409,Closed
192.168.40.2,365,Closed
192.168.40.2,281,Closed
192.168.40.2,54,Closed
192.168.40.2,726,Closed
192.168.40.2,983,Closed
192.168.40.2,19,Closed
192.168.40.2,414,Closed
192.168.40.2,551,Closed
192.168.40.2,764,Closed
192.168.40.2,525,Closed
192.168.40.2,16,Closed
192.168.40.2,579,Closed
192.168.40.2,871,Closed
192.168.40.2,995,Closed
192.168.40.2,67,Closed
192.168.40.2,863,Closed
192.168.40.2,159,Closed
192.168.40.2,732,Closed
192.168.40.2,313,Closed
192.168.40.2,509,Closed
192.168.40.2,895,Closed
192.168.40.2,806,Closed
192.168.40.2,901,Closed
192.168.40.2,751,Closed
192.168.40.2,846,Closed
192.168.40.2,927,Closed
192.168.40.2,819,Closed
192.168.40.2,124,Closed
192.168.40.2,964,Closed
192.168.40.2,996,Closed
192.168.40.2,348,Closed
192.168.40.2,968,Closed
192.168.40.2,736,Closed
192.168.40.2,469,Closed
192.168.40.2,902,Closed
192.168.40.2,359,Closed
192.168.40.2,229,Closed
192.168.40.2,221,Closed
192.168.40.2,121,Closed
192.168.40.2,517,Closed
192.168.40.2,413,Closed
192.168.40.2,734,Closed
192.168.40.2,562,Closed
192.168.40.2,500,Closed
192.168.40.2,427,Closed
192.168.40.2,249,Closed
192.168.40.2,783,Closed
192.168.40.2,656,Closed
192.168.40.2,628,Closed
192.168.40.2,201,Closed
192.168.40.2,690,Closed
192.168.40.2,208,Closed
192.168.40.2,515,Closed
192.168.40.2,28,Closed
192.168.40.2,241,Closed
192.168.40.2,809,Closed
192.168.40.2,42,Closed
192.168.40.2,560,Closed
192.168.40.2,431,Closed
192.168.40.2,935,Closed
192.168.40.2,824,Closed
192.168.40.2,884,Closed
192.168.40.2,9,Closed
192.168.40.2,189,Closed
192.168.40.2,497,Closed
192.168.40.2,35,Closed
192.168.40.2,973,Closed
192.168.40.2,268,Closed
192.168.40.2,639,Closed
192.168.40.2,498,Closed
192.168.40.2,575,Closed
192.168.40.2,424,Closed
192.168.40.2,705,Closed
192.168.40.2,904,Closed
192.168.40.2,460,Closed
192.168.40.2,216,Closed
192.168.40.2,922,Closed
192.168.40.2,52,Closed
192.168.40.2,765,Closed
192.168.40.2,222,Closed
192.168.40.2,867,Closed
192.168.40.2,5,Closed
192.168.40.2,102,Closed
192.168.40.2,209,Closed
192.168.40.2,977,Closed
192.168.40.2,850,Closed
192.168.40.2,447,Closed
192.168.40.2,789,Closed
192.168.40.2,839,Closed
192.168.40.2,154,Closed
192.168.40.2,358,Closed
192.168.40.2,335,Closed
192.168.40.2,376,Closed
192.168.40.2,648,Closed
192.168.40.2,970,Closed
192.168.40.2,622,Closed
192.168.40.2,397,Closed
192.168.40.2,1018,Closed
192.168.40.2,279,Closed
192.168.40.2,53,Closed
192.168.40.2,455,Closed
192.168.40.2,730,Closed
192.168.40.2,89,Closed
192.168.40.2,926,Closed
192.168.40.2,63,Closed
192.168.40.2,346,Closed
192.168.40.2,233,Closed
192.168.40.2,876,Closed
192.168.40.2,435,Closed
192.168.40.2,906,Closed
192.168.40.2,616,Closed
192.168.40.2,471,Closed
192.168.40.2,591,Closed
192.168.40.2,65,Closed
192.168.40.2,277,Closed
192.168.40.2,308,Closed
192.168.40.2,694,Closed
192.168.40.2,700,Closed
192.168.40.2,314,Closed
192.168.40.2,636,Closed
192.168.40.2,80,Open
192.168.40.2,234,Closed
192.168.40.2,177,Closed
192.168.40.2,813,Closed
192.168.40.2,309,Closed
192.168.40.2,26,Closed
192.168.40.2,793,Closed
192.168.40.2,949,Closed
192.168.40.2,12,Closed
192.168.40.2,632,Closed
192.168.40.2,900,Closed
192.168.40.2,1016,Closed
192.168.40.2,74,Closed
192.168.40.2,483,Closed
192.168.40.2,390,Closed
192.168.40.2,790,Closed
192.168.40.2,180,Closed
192.168.40.2,603,Closed
192.168.40.2,300,Closed
192.168.40.2,842,Closed
192.168.40.2,244,Closed
192.168.40.2,1000,Closed
192.168.40.2,944,Closed
192.168.40.2,432,Closed
192.168.40.2,601,Closed
192.168.40.2,410,Closed
192.168.40.2,392,Closed
192.168.40.2,678,Closed
192.168.40.2,24,Closed
192.168.40.2,484,Closed
192.168.40.2,461,Closed
192.168.40.2,860,Closed
192.168.40.2,115,Closed
192.168.40.2,993,Closed
192.168.40.2,197,Closed
192.168.40.2,776,Closed
192.168.40.2,711,Closed
192.168.40.2,872,Closed
192.168.40.2,299,Closed
192.168.40.2,184,Closed
192.168.40.2,939,Closed
192.168.40.2,227,Closed
192.168.40.2,487,Closed
192.168.40.2,347,Closed
192.168.40.2,132,Closed
192.168.40.2,433,Closed
192.168.40.2,929,Closed
192.168.40.2,302,Closed
192.168.40.2,688,Closed
192.168.40.2,920,Closed
192.168.40.2,841,Closed
192.168.40.2,971,Closed
192.168.40.2,275,Closed
192.168.40.2,885,Closed
192.168.40.2,1013,Closed
192.168.40.2,116,Closed
192.168.40.2,157,Closed
192.168.40.2,592,Closed
192.168.40.2,425,Closed
192.168.40.2,386,Closed
192.168.40.2,780,Closed
192.168.40.2,919,Closed
192.168.40.2,174,Closed
192.168.40.2,178,Closed
192.168.40.2,453,Closed
192.168.40.2,868,Closed
192.168.40.2,69,Closed
192.168.40.2,84,Closed
192.168.40.2,457,Closed
192.168.40.2,997,Closed
192.168.40.2,697,Closed
192.168.40.2,651,Closed
192.168.40.2,805,Closed
192.168.40.2,606,Closed
192.168.40.2,831,Closed
192.168.40.2,187,Closed
192.168.40.2,754,Closed
192.168.40.2,681,Closed
192.168.40.2,600,Closed
192.168.40.2,735,Closed
192.168.40.2,141,Closed
192.168.40.2,135,Closed
192.168.40.2,148,Closed
192.168.40.2,225,Closed
192.168.40.2,669,Closed
192.168.40.2,7,Closed
192.168.40.2,30,Closed
192.168.40.2,117,Closed
192.168.40.2,344,Closed
192.168.40.2,85,Closed
192.168.40.2,482,Closed
192.168.40.2,741,Closed
192.168.40.2,928,Closed
192.168.40.2,990,Closed
192.168.40.2,264,Closed
192.168.40.2,708,Closed
192.168.40.2,406,Closed
192.168.40.2,1008,Closed
192.168.40.2,373,Closed
192.168.40.2,473,Closed
192.168.40.2,205,Closed
192.168.40.2,440,Closed
192.168.40.2,752,Closed
192.168.40.2,857,Closed
192.168.40.2,1,Closed
192.168.40.2,211,Closed
192.168.40.2,402,Closed
192.168.40.2,984,Closed
192.168.40.2,137,Closed
192.168.40.2,682,Closed
192.168.40.2,557,Closed
192.168.40.2,756,Closed
192.168.40.2,686,Closed
192.168.40.2,743,Closed
192.168.40.2,646,Closed
192.168.40.2,641,Closed
192.168.40.2,354,Closed
192.168.40.2,685,Closed
192.168.40.2,441,Closed
192.168.40.2,713,Closed
192.168.40.2,747,Closed
192.168.40.2,898,Closed
192.168.40.2,31,Closed
192.168.40.2,602,Closed
192.168.40.2,610,Closed
192.168.40.2,326,Closed
192.168.40.2,854,Closed
192.168.40.2,112,Closed
192.168.40.2,853,Closed
192.168.40.2,285,Closed
192.168.40.2,788,Closed
192.168.40.2,489,Closed
192.168.40.2,423,Closed
192.168.40.2,882,Closed
192.168.40.2,634,Closed
192.168.40.2,989,Closed
192.168.40.2,64,Closed
192.168.40.2,624,Closed
192.168.40.2,86,Closed
192.168.40.2,826,Closed
192.168.40.2,798,Closed
192.168.40.2,833,Closed
192.168.40.2,699,Closed
192.168.40.2,862,Closed
192.168.40.2,760,Closed
192.168.40.2,858,Closed
192.168.40.2,123,Closed
192.168.40.2,328,Closed
192.168.40.2,444,Closed
192.168.40.2,762,Closed
192.168.40.2,834,Closed
192.168.40.2,731,Closed
192.168.40.2,169,Closed
192.168.40.2,877,Closed
192.168.40.2,822,Closed
192.168.40.2,322,Closed
192.168.40.2,217,Closed
192.168.40.2,387,Closed
192.168.40.2,6,Closed
192.168.40.2,727,Closed
192.168.40.2,801,Closed
192.168.40.2,366,Closed
192.168.40.2,253,Closed
192.168.40.2,323,Closed
192.168.40.2,847,Closed
192.168.40.2,640,Closed
192.168.40.2,17,Closed
192.168.40.2,256,Closed
192.168.40.2,568,Closed
192.168.40.2,528,Closed
192.168.40.2,415,Closed
192.168.40.2,763,Closed
192.168.40.2,220,Closed
192.168.40.2,4,Closed
192.168.40.2,437,Closed
192.168.40.2,662,Closed
192.168.40.2,658,Closed
192.168.40.2,493,Closed
192.168.40.2,615,Closed
192.168.40.2,994,Closed
192.168.40.2,464,Closed
192.168.40.2,710,Closed
192.168.40.2,975,Closed
192.168.40.2,948,Closed
192.168.40.2,505,Closed
192.168.40.2,370,Closed
192.168.40.2,953,Closed
192.168.40.2,576,Closed
192.168.40.2,496,Closed
192.168.40.2,577,Closed
192.168.40.2,77,Closed
192.168.40.2,485,Closed
192.168.40.2,675,Closed
192.168.40.2,957,Closed
192.168.40.2,337,Closed
192.168.40.2,230,Closed
192.168.40.2,422,Closed
192.168.40.2,571,Closed
192.168.40.2,394,Closed
192.168.40.2,574,Closed
192.168.40.2,251,Closed
192.168.40.2,403,Closed
192.168.40.2,566,Closed
192.168.40.2,677,Closed
192.168.40.2,458,Closed
192.168.40.2,959,Closed
192.168.40.2,396,Closed
192.168.40.2,706,Closed
192.168.40.2,395,Closed
192.168.40.2,676,Closed
192.168.40.2,908,Closed
192.168.40.2,246,Closed
192.168.40.2,875,Closed
192.168.40.2,340,Closed
192.168.40.2,766,Closed
192.168.40.2,519,Closed
192.168.40.2,837,Closed
192.168.40.2,597,Closed
192.168.40.2,684,Closed
192.168.40.2,329,Closed
192.168.40.2,146,Closed
192.168.40.2,185,Closed
192.168.40.2,15,Closed
192.168.40.2,312,Closed
192.168.40.2,49,Closed
192.168.40.2,947,Closed
192.168.40.2,367,Closed
192.168.40.2,90,Closed
192.168.40.2,210,Closed
192.168.40.2,504,Closed
192.168.40.2,586,Closed
192.168.40.2,864,Closed
192.168.40.2,709,Closed
192.168.40.2,58,Closed
192.168.40.2,905,Closed
192.168.40.2,910,Closed
192.168.40.2,338,Closed
192.168.40.2,258,Closed
192.168.40.2,521,Closed
192.168.40.2,799,Closed
192.168.40.2,934,Closed
192.168.40.2,523,Closed
192.168.40.2,703,Closed
192.168.40.2,127,Closed
192.168.40.2,332,Closed
192.168.40.2,659,Closed
192.168.40.2,786,Closed
192.168.40.2,109,Closed
192.168.40.2,196,Closed
192.168.40.2,110,Closed
192.168.40.2,465,Closed
192.168.40.2,558,Closed
192.168.40.2,972,Closed
192.168.40.2,508,Closed
192.168.40.2,20,Closed
192.168.40.2,158,Closed
192.168.40.2,527,Closed
192.168.40.2,802,Closed
192.168.40.2,655,Closed
192.168.40.2,73,Closed
192.168.40.2,746,Closed
192.168.40.2,1004,Closed
192.168.40.2,213,Closed
192.168.40.2,293,Closed
192.168.40.2,443,Closed
192.168.40.2,317,Closed
192.168.40.2,356,Closed
192.168.40.2,543,Closed
192.168.40.2,147,Closed
192.168.40.2,150,Closed
192.168.40.2,252,Closed
192.168.40.2,380,Closed
192.168.40.2,958,Closed
192.168.40.2,721,Closed
192.168.40.2,382,Closed
192.168.40.2,937,Closed
192.168.40.2,941,Closed
192.168.40.2,880,Closed
192.168.40.2,1001,Closed
192.168.40.2,924,Closed
192.168.40.2,118,Closed
192.168.40.3,16,Closed
192.168.40.3,271,Closed
192.168.40.3,36,Closed
192.168.40.3,992,Closed
192.168.40.3,267,Closed
192.168.40.3,543,Closed
192.168.40.3,436,Closed
192.168.40.3,823,Closed
192.168.40.3,584,Closed
192.168.40.3,894,Closed
192.168.40.3,968,Closed
192.168.40.3,1014,Closed
192.168.40.3,355,Closed
192.168.40.3,615,Closed
192.168.40.3,720,Closed
192.168.40.3,379,Closed
192.168.40.3,418,Closed
192.168.40.3,861,Closed
192.168.40.3,394,Closed
192.168.40.3,896,Closed
192.168.40.3,733,Closed
192.168.40.3,597,Closed
192.168.40.3,243,Closed
192.168.40.3,613,Closed
192.168.40.3,12,Closed
192.168.40.3,986,Closed
192.168.40.3,1008,Closed
192.168.40.3,618,Closed
192.168.40.3,588,Closed
192.168.40.3,220,Closed
192.168.40.3,219,Closed
192.168.40.3,549,Closed
192.168.40.3,101,Closed
192.168.40.3,211,Closed
192.168.40.3,902,Closed
192.168.40.3,410,Closed
192.168.40.3,389,Closed
192.168.40.3,427,Closed
192.168.40.3,329,Closed
192.168.40.3,677,Closed
192.168.40.3,480,Closed
192.168.40.3,63,Closed
192.168.40.3,481,Closed
192.168.40.3,803,Closed
192.168.40.3,717,Closed
192.168.40.3,289,Closed
192.168.40.3,201,Closed
192.168.40.3,844,Closed
192.168.40.3,450,Closed
192.168.40.3,70,Closed
192.168.40.3,401,Closed
192.168.40.3,366,Closed
192.168.40.3,94,Closed
192.168.40.3,163,Closed
192.168.40.3,959,Closed
192.168.40.3,870,Closed
192.168.40.3,660,Closed
192.168.40.3,776,Closed
192.168.40.3,951,Closed
192.168.40.3,859,Closed
192.168.40.3,632,Closed
192.168.40.3,262,Closed
192.168.40.3,556,Closed
192.168.40.3,178,Closed
192.168.40.3,612,Closed
192.168.40.3,402,Closed
192.168.40.3,675,Closed
192.168.40.3,97,Closed
192.168.40.3,108,Closed
192.168.40.3,904,Closed
192.168.40.3,413,Closed
192.168.40.3,47,Closed
192.168.40.3,786,Closed
192.168.40.3,713,Closed
192.168.40.3,520,Closed
192.168.40.3,322,Closed
192.168.40.3,84,Closed
192.168.40.3,334,Closed
192.168.40.3,796,Closed
192.168.40.3,143,Closed
192.168.40.3,973,Closed
192.168.40.3,918,Closed
192.168.40.3,578,Closed
192.168.40.3,646,Closed
192.168.40.3,616,Closed
192.168.40.3,906,Closed
192.168.40.3,20,Closed
192.168.40.3,548,Closed
192.168.40.3,148,Closed
192.168.40.3,579,Closed
192.168.40.3,890,Closed
192.168.40.3,353,Closed
192.168.40.3,638,Closed
192.168.40.3,5,Closed
192.168.40.3,883,Closed
192.168.40.3,815,Closed
192.168.40.3,115,Closed
192.168.40.3,320,Closed
192.168.40.3,356,Closed
192.168.40.3,839,Closed
192.168.40.3,182,Closed
192.168.40.3,734,Closed
192.168.40.3,133,Closed
192.168.40.3,381,Closed
192.168.40.3,816,Closed
192.168.40.3,305,Closed
192.168.40.3,652,Closed
192.168.40.3,105,Closed
192.168.40.3,449,Closed
192.168.40.3,66,Closed
192.168.40.3,287,Closed
192.168.40.3,354,Closed
192.168.40.3,110,Closed
192.168.40.3,368,Closed
192.168.40.3,212,Closed
192.168.40.3,167,Closed
192.168.40.3,33,Closed
192.168.40.3,228,Closed
192.168.40.3,244,Closed
192.168.40.3,435,Closed
192.168.40.3,431,Closed
192.168.40.3,519,Closed
192.168.40.3,783,Closed
192.168.40.3,46,Closed
192.168.40.3,551,Closed
192.168.40.3,795,Closed
192.168.40.3,838,Closed
192.168.40.3,159,Closed
192.168.40.3,497,Closed
192.168.40.3,682,Closed
192.168.40.3,790,Closed
192.168.40.3,226,Closed
192.168.40.3,1020,Closed
192.168.40.3,251,Closed
192.168.40.3,209,Closed
192.168.40.3,850,Closed
192.168.40.3,914,Closed
192.168.40.3,633,Closed
192.168.40.3,1000,Closed
192.168.40.3,590,Closed
192.168.40.3,948,Closed
192.168.40.3,877,Closed
192.168.40.3,912,Closed
192.168.40.3,77,Closed
192.168.40.3,232,Closed
192.168.40.3,725,Closed
192.168.40.3,484,Closed
192.168.40.3,723,Closed
192.168.40.3,414,Closed
192.168.40.3,44,Closed
192.168.40.3,471,Closed
192.168.40.3,964,Closed
192.168.40.3,221,Closed
192.168.40.3,716,Closed
192.168.40.3,707,Closed
192.168.40.3,756,Closed
192.168.40.3,301,Closed
192.168.40.3,928,Closed
192.168.40.3,513,Closed
192.168.40.3,571,Closed
192.168.40.3,639,Closed
192.168.40.3,658,Closed
192.168.40.3,390,Closed
192.168.40.3,807,Closed
192.168.40.3,819,Closed
192.168.40.3,926,Closed
192.168.40.3,282,Closed
192.168.40.3,330,Closed
192.168.40.3,345,Closed
192.168.40.3,400,Closed
192.168.40.3,363,Closed
192.168.40.3,957,Closed
192.168.40.3,333,Closed
192.168.40.3,684,Closed
192.168.40.3,215,Closed
192.168.40.3,921,Closed
192.168.40.3,306,Closed
192.168.40.3,829,Closed
192.168.40.3,919,Closed
192.168.40.3,64,Closed
192.168.40.3,1001,Closed
192.168.40.3,186,Closed
192.168.40.3,386,Closed
192.168.40.3,806,Closed
192.168.40.3,234,Closed
192.168.40.3,403,Closed
192.168.40.3,852,Closed
192.168.40.3,624,Closed
192.168.40.3,193,Closed
192.168.40.3,378,Closed
192.168.40.3,383,Closed
192.168.40.3,438,Closed
192.168.40.3,122,Closed
192.168.40.3,150,Closed
192.168.40.3,651,Closed
192.168.40.3,446,Closed
192.168.40.3,736,Closed
192.168.40.3,746,Closed
192.168.40.3,554,Closed
192.168.40.3,165,Closed
192.168.40.3,641,Closed
192.168.40.3,146,Closed
192.168.40.3,437,Closed
192.168.40.3,608,Closed
192.168.40.3,398,Closed
192.168.40.3,765,Closed
192.168.40.3,76,Closed
192.168.40.3,168,Closed
192.168.40.3,607,Closed
192.168.40.3,440,Closed
192.168.40.3,495,Closed
192.168.40.3,940,Closed
192.168.40.3,978,Closed
192.168.40.3,129,Closed
192.168.40.3,930,Closed
192.168.40.3,362,Closed
192.168.40.3,380,Closed
192.168.40.3,599,Closed
192.168.40.3,654,Closed
192.168.40.3,793,Closed
192.168.40.3,693,Closed
192.168.40.3,562,Closed
192.168.40.3,1005,Closed
192.168.40.3,464,Closed
192.168.40.3,171,Closed
192.168.40.3,506,Closed
192.168.40.3,794,Closed
192.168.40.3,80,Closed
192.168.40.3,170,Closed
192.168.40.3,764,Closed
192.168.40.3,349,Closed
192.168.40.3,895,Closed
192.168.40.3,61,Closed
192.168.40.3,275,Closed
192.168.40.3,634,Closed
192.168.40.3,284,Closed
192.168.40.3,696,Closed
192.168.40.3,702,Closed
192.168.40.3,4,Closed
192.168.40.3,183,Closed
192.168.40.3,292,Closed
192.168.40.3,339,Closed
192.168.40.3,291,Closed
192.168.40.3,516,Closed
192.168.40.3,526,Closed
192.168.40.3,626,Closed
192.168.40.3,849,Closed
192.168.40.3,172,Closed
192.168.40.3,255,Closed
192.168.40.3,996,Closed
192.168.40.3,235,Closed
192.168.40.3,21,Closed
192.168.40.3,832,Closed
192.168.40.3,622,Closed
192.168.40.3,225,Closed
192.168.40.3,812,Closed
192.168.40.3,557,Closed
192.168.40.3,207,Closed
192.168.40.3,668,Closed
192.168.40.3,907,Closed
192.168.40.3,86,Closed
192.168.40.3,342,Closed
192.168.40.3,486,Closed
192.168.40.3,778,Closed
192.168.40.3,125,Closed
192.168.40.3,573,Closed
192.168.40.3,972,Closed
192.168.40.3,51,Closed
192.168.40.3,609,Closed
192.168.40.3,50,Closed
192.168.40.3,901,Closed
192.168.40.3,871,Closed
192.168.40.3,640,Closed
192.168.40.3,87,Closed
192.168.40.3,54,Closed
192.168.40.3,669,Closed
192.168.40.3,166,Closed
192.168.40.3,45,Closed
192.168.40.3,117,Closed
192.168.40.3,274,Closed
192.168.40.3,411,Closed
192.168.40.3,569,Closed
192.168.40.3,264,Closed
192.168.40.3,338,Closed
192.168.40.3,121,Closed
192.168.40.3,396,Closed
192.168.40.3,369,Closed
192.168.40.3,100,Closed
192.168.40.3,553,Closed
192.168.40.3,1007,Closed
192.168.40.3,680,Closed
192.168.40.3,780,Closed
192.168.40.3,439,Closed
192.168.40.3,73,Closed
192.168.40.3,304,Closed
192.168.40.3,428,Closed
192.168.40.3,492,Closed
192.168.40.3,550,Closed
192.168.40.3,637,Closed
192.168.40.3,886,Closed
192.168.40.3,910,Closed
192.168.40.3,922,Closed
192.168.40.3,943,Closed
192.168.40.3,574,Closed
192.168.40.3,434,Closed
192.168.40.3,805,Closed
192.168.40.3,726,Closed
192.168.40.3,552,Closed
192.168.40.3,848,Closed
192.168.40.3,92,Closed
192.168.40.3,95,Closed
192.168.40.3,875,Closed
192.168.40.3,697,Closed
192.168.40.3,721,Closed
192.168.40.3,294,Closed
192.168.40.3,685,Closed
192.168.40.3,350,Closed
192.168.40.3,27,Closed
192.168.40.3,532,Closed
192.168.40.3,657,Closed
192.168.40.3,872,Closed
192.168.40.3,40,Closed
192.168.40.3,430,Closed
192.168.40.3,971,Closed
192.168.40.3,408,Closed
192.168.40.3,377,Closed
192.168.40.3,722,Closed
192.168.40.3,745,Closed
192.168.40.3,949,Closed
192.168.40.3,273,Closed
192.168.40.3,757,Closed
192.168.40.3,278,Closed
192.168.40.3,56,Closed
192.168.40.3,809,Closed
192.168.40.3,89,Closed
192.168.40.3,387,Closed
192.168.40.3,13,Closed
192.168.40.3,85,Closed
192.168.40.3,507,Closed
192.168.40.3,270,Closed
192.168.40.3,276,Closed
192.168.40.3,454,Closed
192.168.40.3,83,Closed
192.168.40.3,678,Closed
192.168.40.3,452,Closed
192.168.40.3,367,Closed
192.168.40.3,650,Closed
192.168.40.3,851,Closed
192.168.40.3,303,Closed
192.168.40.3,144,Closed
192.168.40.3,758,Closed
192.168.40.3,407,Closed
192.168.40.3,491,Closed
192.168.40.3,482,Closed
192.168.40.3,35,Closed
192.168.40.3,585,Closed
192.168.40.3,135,Closed
192.168.40.3,69,Closed
192.168.40.3,485,Closed
192.168.40.3,592,Closed
192.168.40.3,204,Closed
192.168.40.3,384,Closed
192.168.40.3,600,Closed
192.168.40.3,348,Closed
192.168.40.3,897,Closed
192.168.40.3,688,Closed
192.168.40.3,258,Closed
192.168.40.3,711,Closed
192.168.40.3,604,Closed
192.168.40.3,581,Closed
192.168.40.3,703,Closed
192.168.40.3,147,Closed
192.168.40.3,359,Closed
192.168.40.3,99,Closed
192.168.40.3,332,Closed
192.168.40.3,17,Closed
192.168.40.3,791,Closed
192.168.40.3,893,Closed
192.168.40.3,141,Closed
192.168.40.3,11,Closed
192.168.40.3,714,Closed
192.168.40.3,990,Closed
192.168.40.3,315,Closed
192.168.40.3,662,Closed
192.168.40.3,71,Closed
192.168.40.3,963,Closed
192.168.40.3,991,Closed
192.168.40.3,515,Closed
192.168.40.3,577,Closed
192.168.40.3,982,Closed
192.168.40.3,277,Closed
192.168.40.3,916,Closed
192.168.40.3,103,Closed
192.168.40.3,509,Closed
192.168.40.3,118,Closed
192.168.40.3,729,Closed
192.168.40.3,340,Closed
192.168.40.3,151,Closed
192.168.40.3,470,Closed
192.168.40.3,131,Closed
192.168.40.3,365,Closed
192.168.40.3,521,Closed
192.168.40.3,433,Closed
192.168.40.3,393,Closed
192.168.40.3,208,Closed
192.168.40.3,272,Closed
192.168.40.3,705,Closed
192.168.40.3,397,Closed
192.168.40.3,719,Closed
192.168.40.3,843,Closed
192.168.40.3,1004,Closed
192.168.40.3,891,Closed
192.168.40.3,62,Closed
192.168.40.3,90,Closed
192.168.40.3,699,Closed
192.168.40.3,999,Closed
192.168.40.3,1011,Closed
192.168.40.3,941,Closed
192.168.40.3,371,Closed
192.168.40.3,701,Closed
192.168.40.3,998,Closed
192.168.40.3,531,Closed
192.168.40.3,533,Closed
192.168.40.3,586,Closed
192.168.40.3,663,Closed
192.168.40.3,429,Closed
192.168.40.3,636,Closed
192.168.40.3,727,Closed
192.168.40.3,988,Closed
192.168.40.3,185,Closed
192.168.40.3,321,Closed
192.168.40.3,709,Closed
192.168.40.3,629,Closed
192.168.40.3,142,Closed
192.168.40.3,559,Closed
192.168.40.3,154,Closed
192.168.40.3,30,Closed
192.168.40.3,801,Closed
192.168.40.3,755,Closed
192.168.40.3,799,Closed
192.168.40.3,749,Closed
192.168.40.3,540,Closed
192.168.40.3,405,Closed
192.168.40.3,326,Closed
192.168.40.3,602,Closed
192.168.40.3,950,Closed
192.168.40.3,424,Closed
192.168.40.3,426,Closed
192.168.40.3,536,Closed
192.168.40.3,88,Closed
192.168.40.3,800,Closed
192.168.40.3,180,Closed
192.168.40.3,905,Closed
192.168.40.3,202,Closed
192.168.40.3,59,Closed
192.168.40.3,6,Closed
192.168.40.3,107,Closed
192.168.40.3,873,Closed
192.168.40.3,140,Closed
192.168.40.3,42,Closed
192.168.40.3,324,Closed
192.168.40.3,623,Closed
192.168.40.3,889,Closed
192.168.40.3,1006,Closed
192.168.40.3,915,Closed
192.168.40.3,203,Closed
192.168.40.3,858,Closed
192.168.40.3,309,Closed
192.168.40.3,49,Closed
192.168.40.3,48,Closed
192.168.40.3,483,Closed
192.168.40.3,836,Closed
192.168.40.3,568,Closed
192.168.40.3,909,Closed
192.168.40.3,671,Closed
192.168.40.3,1017,Closed
192.168.40.3,153,Closed
192.168.40.3,695,Closed
192.168.40.3,280,Closed
192.168.40.3,738,Closed
192.168.40.3,881,Closed
192.168.40.3,975,Closed
192.168.40.3,789,Closed
192.168.40.3,846,Closed
192.168.40.3,744,Closed
192.168.40.3,947,Closed
192.168.40.3,867,Closed
192.168.40.3,189,Closed
192.168.40.3,818,Closed
192.168.40.3,936,Closed
192.168.40.3,708,Closed
192.168.40.3,257,Closed
192.168.40.3,611,Closed
192.168.40.3,295,Closed
192.168.40.3,767,Closed
192.168.40.3,1002,Closed
192.168.40.3,455,Closed
192.168.40.3,898,Closed
192.168.40.3,687,Closed
192.168.40.3,81,Closed
192.168.40.3,307,Closed
192.168.40.3,593,Closed
192.168.40.3,164,Closed
192.168.40.3,217,Closed
192.168.40.3,409,Closed
192.168.40.3,442,Closed
192.168.40.3,252,Closed
192.168.40.3,1009,Closed
192.168.40.3,779,Closed
192.168.40.3,938,Closed
192.168.40.3,32,Closed
192.168.40.3,628,Closed
192.168.40.3,79,Closed
192.168.40.3,1023,Closed
192.168.40.3,1,Closed
192.168.40.3,109,Closed
192.168.40.3,447,Closed
192.168.40.3,494,Closed
192.168.40.3,610,Closed
192.168.40.3,804,Closed
192.168.40.3,743,Closed
192.168.40.3,316,Closed
192.168.40.3,174,Closed
192.168.40.3,841,Closed
192.168.40.3,821,Closed
192.168.40.3,989,Closed
192.168.40.3,19,Closed
192.168.40.3,420,Closed
192.168.40.3,527,Closed
192.168.40.3,156,Closed
192.168.40.3,462,Closed
192.168.40.3,876,Closed
192.168.40.3,239,Closed
192.168.40.3,534,Closed
192.168.40.3,15,Closed
192.168.40.3,539,Closed
192.168.40.3,661,Closed
192.168.40.3,358,Closed
192.168.40.3,710,Closed
192.168.40.3,113,Closed
192.168.40.3,698,Closed
192.168.40.3,798,Closed
192.168.40.3,854,Closed
192.168.40.3,892,Closed
192.168.40.3,60,Closed
192.168.40.3,128,Closed
192.168.40.3,478,Closed
192.168.40.3,136,Closed
192.168.40.3,770,Closed
192.168.40.3,983,Closed
192.168.40.3,706,Closed
192.168.40.3,457,Closed
192.168.40.3,899,Closed
192.168.40.3,157,Closed
192.168.40.3,337,Closed
192.168.40.3,111,Closed
192.168.40.3,10,Closed
192.168.40.3,308,Closed
192.168.40.3,319,Closed
192.168.40.3,265,Closed
192.168.40.3,523,Closed
192.168.40.3,206,Closed
192.168.40.3,102,Closed
192.168.40.3,39,Closed
192.168.40.3,391,Closed
192.168.40.3,865,Closed
192.168.40.3,953,Closed
192.168.40.3,476,Closed
192.168.40.3,956,Closed
192.168.40.3,451,Closed
192.168.40.3,268,Closed
192.168.40.3,742,Closed
192.168.40.3,853,Closed
192.168.40.3,247,Closed
192.168.40.3,461,Closed
192.168.40.3,116,Closed
192.168.40.3,162,Closed
192.168.40.3,499,Closed
192.168.40.3,595,Closed
192.168.40.3,748,Closed
192.168.40.3,831,Closed
192.168.40.3,123,Closed
192.168.40.3,813,Closed
192.168.40.3,847,Closed
192.168.40.3,900,Closed
192.168.40.3,493,Closed
192.168.40.3,955,Closed
192.168.40.3,817,Closed
192.168.40.3,106,Closed
192.168.40.3,130,Closed
192.168.40.3,751,Closed
192.168.40.3,132,Closed
192.168.40.3,336,Closed
192.168.40.3,126,Closed
192.168.40.3,375,Closed
192.168.40.3,374,Closed
192.168.40.3,598,Closed
192.168.40.3,730,Closed
192.168.40.3,177,Closed
192.168.40.3,967,Closed
192.168.40.3,672,Closed
192.168.40.3,58,Closed
192.168.40.3,924,Closed
192.168.40.3,423,Closed
192.168.40.3,866,Closed
192.168.40.3,564,Closed
192.168.40.3,24,Closed
192.168.40.3,192,Closed
192.168.40.3,884,Closed
192.168.40.3,903,Closed
192.168.40.3,31,Closed
192.168.40.3,530,Closed
192.168.40.3,538,Closed
192.168.40.3,1016,Closed
192.168.40.3,361,Closed
192.168.40.3,565,Closed
192.168.40.3,279,Closed
192.168.40.3,773,Closed
192.168.40.3,979,Closed
192.168.40.3,761,Closed
192.168.40.3,38,Closed
192.168.40.3,299,Closed
192.168.40.3,119,Closed
192.168.40.3,932,Closed
192.168.40.3,460,Closed
192.168.40.3,416,Closed
192.168.40.3,974,Closed
192.168.40.3,631,Closed
192.168.40.3,589,Closed
192.168.40.3,53,Closed
192.168.40.3,448,Closed
192.168.40.3,942,Closed
192.168.40.3,288,Closed
192.168.40.3,969,Closed
192.168.40.3,643,Closed
192.168.40.3,246,Closed
192.168.40.3,1019,Closed
192.168.40.3,525,Closed
192.168.40.3,399,Closed
192.168.40.3,313,Closed
192.168.40.3,752,Closed
192.168.40.3,41,Closed
192.168.40.3,542,Closed
192.168.40.3,505,Closed
192.168.40.3,285,Closed
192.168.40.3,917,Closed
192.168.40.3,689,Closed
192.168.40.3,456,Closed
192.168.40.3,227,Closed
192.168.40.3,970,Closed
192.168.40.3,310,Closed
192.168.40.3,885,Closed
192.168.40.3,256,Closed
192.168.40.3,152,Closed
192.168.40.3,179,Closed
192.168.40.3,196,Closed
192.168.40.3,465,Closed
192.168.40.3,529,Closed
192.168.40.3,158,Closed
192.168.40.3,34,Closed
192.168.40.3,137,Closed
192.168.40.3,769,Closed
192.168.40.3,2,Closed
192.168.40.3,237,Closed
192.168.40.3,286,Closed
192.168.40.3,441,Closed
192.168.40.3,567,Closed
192.168.40.3,869,Closed
192.168.40.3,923,Closed
192.168.40.3,775,Closed
192.168.40.3,127,Closed
192.168.40.3,238,Closed
192.168.40.3,458,Closed
192.168.40.3,205,Closed
192.168.40.3,488,Closed
192.168.40.3,249,Closed
192.168.40.3,835,Closed
192.168.40.3,931,Closed
192.168.40.3,997,Closed
192.168.40.3,582,Closed
192.168.40.3,617,Closed
192.168.40.3,777,Closed
192.168.40.3,331,Closed
192.168.40.3,388,Closed
192.168.40.3,444,Closed
192.168.40.3,250,Closed
192.168.40.3,417,Closed
192.168.40.3,863,Closed
192.168.40.3,862,Closed
192.168.40.3,1003,Closed
192.168.40.3,314,Closed
192.168.40.3,768,Closed
192.168.40.3,351,Closed
192.168.40.3,735,Closed
192.168.40.3,946,Closed
192.168.40.3,621,Closed
192.168.40.3,293,Closed
192.168.40.3,686,Closed
192.168.40.3,477,Closed
192.168.40.3,655,Closed
192.168.40.3,364,Closed
192.168.40.3,415,Closed
192.168.40.3,317,Closed
192.168.40.3,647,Closed
192.168.40.3,691,Closed
192.168.40.3,200,Closed
192.168.40.3,199,Closed
192.168.40.3,472,Closed
192.168.40.3,229,Closed
192.168.40.3,176,Closed
192.168.40.3,627,Closed
192.168.40.3,1024,Closed
192.168.40.3,878,Closed
192.168.40.3,606,Closed
192.168.40.3,935,Closed
192.168.40.3,269,Closed
192.168.40.3,952,Closed
192.168.40.3,837,Closed
192.168.40.3,283,Closed
192.168.40.3,601,Closed
192.168.40.3,774,Closed
192.168.40.3,814,Closed
192.168.40.3,994,Closed
192.168.40.3,195,Closed
192.168.40.3,489,Closed
192.168.40.3,828,Closed
192.168.40.3,214,Closed
192.168.40.3,210,Closed
192.168.40.3,1022,Closed
192.168.40.3,346,Closed
192.168.40.3,560,Closed
192.168.40.3,728,Closed
192.168.40.3,937,Closed
192.168.40.3,887,Closed
192.168.40.3,645,Closed
192.168.40.3,14,Closed
192.168.40.3,161,Closed
192.168.40.3,939,Closed
192.168.40.3,93,Closed
192.168.40.3,1010,Closed
192.168.40.3,981,Closed
192.168.40.3,603,Closed
192.168.40.3,466,Closed
192.168.40.3,467,Closed
192.168.40.3,546,Closed
192.168.40.3,665,Closed
192.168.40.3,681,Closed
192.168.40.3,760,Closed
192.168.40.3,739,Closed
192.168.40.3,245,Closed
192.168.40.3,771,Closed
192.168.40.3,254,Closed
192.168.40.3,535,Closed
192.168.40.3,566,Closed
192.168.40.3,547,Closed
192.168.40.3,830,Closed
192.168.40.3,856,Closed
192.168.40.3,37,Closed
192.168.40.3,855,Closed
192.168.40.3,511,Closed
192.168.40.3,18,Closed
192.168.40.3,453,Closed
192.168.40.3,404,Closed
192.168.40.3,908,Closed
192.168.40.3,961,Closed
192.168.40.3,213,Closed
192.168.40.3,833,Closed
192.168.40.3,473,Closed
192.168.40.3,96,Closed
192.168.40.3,676,Closed
192.168.40.3,537,Closed
192.168.40.3,782,Closed
192.168.40.3,98,Closed
192.168.40.3,253,Closed
192.168.40.3,984,Closed
192.168.40.3,55,Closed
192.168.40.3,759,Closed
192.168.40.3,563,Closed
192.168.40.3,673,Closed
192.168.40.3,880,Closed
192.168.40.3,376,Closed
192.168.40.3,811,Closed
192.168.40.3,860,Closed
192.168.40.3,945,Closed
192.168.40.3,517,Closed
192.168.40.3,347,Closed
192.168.40.3,820,Closed
192.168.40.3,327,Closed
192.168.40.3,747,Closed
192.168.40.3,173,Closed
192.168.40.3,29,Closed
192.168.40.3,198,Closed
192.168.40.3,834,Closed
192.168.40.3,290,Closed
192.168.40.3,522,Closed
192.168.40.3,260,Closed
192.168.40.3,674,Closed
192.168.40.3,750,Closed
192.168.40.3,242,Closed
192.168.40.3,194,Closed
192.168.40.3,882,Closed
192.168.40.3,445,Closed
192.168.40.3,630,Closed
192.168.40.3,724,Closed
192.168.40.3,463,Closed
192.168.40.3,927,Closed
192.168.40.3,762,Closed
192.168.40.3,335,Closed
192.168.40.3,879,Closed
192.168.40.3,857,Closed
192.168.40.3,114,Closed
192.168.40.3,302,Closed
192.168.40.3,514,Closed
192.168.40.3,993,Closed
192.168.40.3,944,Closed
192.168.40.3,43,Closed
192.168.40.3,874,Closed
192.168.40.3,731,Closed
192.168.40.3,222,Closed
192.168.40.3,312,Closed
192.168.40.3,370,Closed
192.168.40.3,715,Closed
192.168.40.3,468,Closed
192.168.40.3,479,Closed
192.168.40.3,740,Closed
192.168.40.3,842,Closed
192.168.40.3,958,Closed
192.168.40.3,656,Closed
192.168.40.3,352,Closed
192.168.40.3,911,Closed
192.168.40.3,8,Closed
192.168.40.3,104,Closed
192.168.40.3,575,Closed
192.168.40.3,124,Closed
192.168.40.3,432,Closed
192.168.40.3,419,Closed
192.168.40.3,443,Closed
192.168.40.3,504,Closed
192.168.40.3,78,Closed
192.168.40.3,74,Closed
192.168.40.3,572,Closed
192.168.40.3,395,Closed
192.168.40.3,28,Closed
192.168.40.3,679,Closed
192.168.40.3,1015,Closed
192.168.40.3,216,Closed
192.168.40.3,373,Closed
192.168.40.3,259,Closed
192.168.40.3,469,Closed
192.168.40.3,827,Closed
192.168.40.3,223,Closed
192.168.40.3,261,Closed
192.168.40.3,490,Closed
192.168.40.3,754,Closed
192.168.40.3,649,Closed
192.168.40.3,772,Closed
192.168.40.3,840,Closed
192.168.40.3,57,Closed
192.168.40.3,954,Closed
192.168.40.3,23,Closed
192.168.40.3,487,Closed
192.168.40.3,965,Closed
192.168.40.3,664,Closed
192.168.40.3,120,Closed
192.168.40.3,1012,Closed
192.168.40.3,913,Closed
192.168.40.3,512,Closed
192.168.40.3,822,Closed
192.168.40.3,995,Closed
192.168.40.3,241,Closed
192.168.40.3,667,Closed
192.168.40.3,692,Closed
192.168.40.3,704,Closed
192.168.40.3,496,Closed
192.168.40.3,808,Closed
192.168.40.3,75,Closed
192.168.40.3,501,Closed
192.168.40.3,508,Closed
192.168.40.3,666,Closed
192.168.40.3,323,Closed
192.168.40.3,670,Closed
192.168.40.3,784,Closed
192.168.40.3,545,Closed
192.168.40.3,181,Closed
192.168.40.3,787,Closed
192.168.40.3,65,Closed
192.168.40.3,372,Closed
192.168.40.3,236,Closed
192.168.40.3,392,Closed
192.168.40.3,197,Closed
192.168.40.3,300,Closed
192.168.40.3,67,Closed
192.168.40.3,518,Closed
192.168.40.3,619,Closed
192.168.40.3,810,Closed
192.168.40.3,558,Closed
192.168.40.3,510,Closed
192.168.40.3,139,Closed
192.168.40.3,344,Closed
192.168.40.3,500,Closed
192.168.40.3,570,Closed
192.168.40.3,580,Closed
192.168.40.3,929,Closed
192.168.40.3,1021,Closed
192.168.40.3,977,Closed
192.168.40.3,502,Closed
192.168.40.3,138,Closed
192.168.40.3,341,Closed
192.168.40.3,824,Closed
192.168.40.3,82,Closed
192.168.40.3,864,Closed
192.168.40.3,240,Closed
192.168.40.3,3,Closed
192.168.40.3,155,Closed
192.168.40.3,741,Closed
192.168.40.3,868,Closed
192.168.40.3,987,Closed
192.168.40.3,933,Closed
192.168.40.3,26,Closed
192.168.40.3,541,Closed
192.168.40.3,190,Closed
192.168.40.3,298,Closed
192.168.40.3,112,Closed
192.168.40.3,690,Closed
192.168.40.3,766,Closed
192.168.40.3,980,Closed
192.168.40.3,785,Closed
192.168.40.3,934,Closed
192.168.40.3,385,Closed
192.168.40.3,357,Closed
192.168.40.3,718,Closed
192.168.40.3,683,Closed
192.168.40.3,976,Closed
192.168.40.3,797,Closed
192.168.40.3,160,Closed
192.168.40.3,644,Closed
192.168.40.3,412,Closed
192.168.40.3,25,Closed
192.168.40.3,263,Closed
192.168.40.3,781,Closed
192.168.40.3,888,Closed
192.168.40.3,524,Closed
192.168.40.3,7,Closed
192.168.40.3,233,Closed
192.168.40.3,231,Closed
192.168.40.3,191,Closed
192.168.40.3,281,Closed
192.168.40.3,218,Closed
192.168.40.3,498,Closed
192.168.40.3,184,Closed
192.168.40.3,421,Closed
192.168.40.3,792,Closed
192.168.40.3,845,Closed
192.168.40.3,659,Closed
192.168.40.3,594,Closed
192.168.40.3,248,Closed
192.168.40.3,561,Closed
192.168.40.3,52,Closed
192.168.40.3,925,Closed
192.168.40.3,625,Closed
192.168.40.3,985,Closed
192.168.40.3,175,Closed
192.168.40.3,503,Closed
192.168.40.3,68,Closed
192.168.40.3,614,Closed
192.168.40.3,425,Closed
192.168.40.3,297,Closed
192.168.40.3,596,Closed
192.168.40.3,635,Closed
192.168.40.3,753,Closed
192.168.40.3,72,Closed
192.168.40.3,920,Closed
192.168.40.3,620,Closed
192.168.40.3,825,Closed
192.168.40.3,653,Closed
192.168.40.3,962,Closed
192.168.40.3,145,Closed
192.168.40.3,406,Closed
192.168.40.3,475,Closed
192.168.40.3,648,Closed
192.168.40.3,712,Closed
192.168.40.3,187,Closed
192.168.40.3,966,Closed
192.168.40.3,325,Closed
192.168.40.3,459,Closed
192.168.40.3,591,Closed
192.168.40.3,576,Closed
192.168.40.3,694,Closed
192.168.40.3,737,Closed
192.168.40.3,230,Closed
192.168.40.3,788,Closed
192.168.40.3,802,Closed
192.168.40.3,360,Closed
192.168.40.3,528,Closed
192.168.40.3,9,Closed
192.168.40.3,134,Closed
192.168.40.3,474,Closed
192.168.40.3,605,Closed
192.168.40.3,224,Closed
192.168.40.3,544,Closed
192.168.40.3,763,Closed
192.168.40.3,1018,Closed
192.168.40.3,188,Closed
192.168.40.3,587,Closed
192.168.40.3,826,Closed
192.168.40.3,343,Closed
192.168.40.3,960,Closed
192.168.40.3,382,Closed
192.168.40.3,22,Closed
192.168.40.3,311,Closed
192.168.40.3,555,Closed
192.168.40.3,266,Closed
192.168.40.3,328,Closed
192.168.40.3,422,Closed
192.168.40.3,296,Closed
192.168.40.3,169,Closed
192.168.40.3,583,Closed
192.168.40.3,700,Closed
192.168.40.3,732,Closed
192.168.40.3,149,Closed
192.168.40.3,318,Closed
192.168.40.3,91,Closed
192.168.40.3,642,Closed
192.168.40.3,1013,Closed
